{"blt6ff0013012e94402":{"title":"Company Name","logo":{"uid":"bltf5098034158b3e8d","created_at":"2023-01-17T09:13:10.352Z","updated_at":"2023-01-17T09:13:10.352Z","created_by":"bltf01cfddcefa2394d","updated_by":"bltf01cfddcefa2394d","content_type":"image/svg+xml","file_size":"11085","tags":[],"filename":"company-logo.svg","url":"https://images.contentstack.io/v3/assets/blt370ea1a40af9fcec/bltf5098034158b3e8d/63c666a6ba3c0a11eaa6321b/company-logo.svg","ACL":[],"is_dir":false,"parent_uid":"blt064e11e1a2621f7d","_version":1,"title":"Company Logo","description":"","publish_details":[{"environment":"blt2145a53add75478a","locale":"en-us","time":"2023-01-17T09:13:10.745Z","user":"bltf01cfddcefa2394d","version":1},{"environment":"blt4d6ead373cb24e21","locale":"en-us","time":"2023-01-17T09:13:10.749Z","user":"bltf01cfddcefa2394d","version":1},{"environment":"blte95eab87cc25a373","locale":"en-us","time":"2023-01-17T09:13:10.753Z","user":"bltf01cfddcefa2394d","version":1}]},"tags":[],"locale":"en-us","ACL":{},"navigation_menu":[{"label":"Home","_metadata":{"uid":"cs69550988926e85d9"},"page_reference":[{"uid":"blt3f914fefee36773d","_content_type_uid":"page"}]},{"label":"About Us","_metadata":{"uid":"cscf5318e5388812b4"},"page_reference":[{"uid":"bltcad230eeb8b74858","_content_type_uid":"page"}]},{"label":"Blog","_metadata":{"uid":"cs32274bbf10a21bec"},"page_reference":[{"uid":"blt168dbefb75836f84","_content_type_uid":"page"}]},{"label":"Contact Us","_metadata":{"uid":"cs46f9812a50d8309c"},"page_reference":[{"uid":"blt9ce3decd5c548931","_content_type_uid":"page"}]}],"notification_bar":{"show_announcement":true,"announcement_text":{"uid":"fd9881103940824d8a65bdee7050ccc5","attrs":{},"children":[{"type":"p","attrs":{},"uid":"a3ae29a89fcd0dd7f370a7d647b928a3","children":[{"text":"To Our Community: Please read this important update."}]}],"type":"doc","_version":2}},"uid":"blt6ff0013012e94402","_version":2,"_in_progress":false,"publish_details":[{"environment":"blt2145a53add75478a","locale":"en-us","time":"2023-01-17T09:13:27.905Z","user":"bltf01cfddcefa2394d","version":2},{"environment":"blt4d6ead373cb24e21","locale":"en-us","time":"2023-01-17T09:13:27.908Z","user":"bltf01cfddcefa2394d","version":2},{"environment":"blte95eab87cc25a373","locale":"en-us","time":"2023-01-17T09:13:27.911Z","user":"bltf01cfddcefa2394d","version":2}]}}