[{"title":"Developer Tools","uid":"blt9c4376533c7bbf7b","app_uid":"627cad8f615b520018fe004e","app_installation_uid":"63ca4d91f4ec7fd9356fce6b","type":"widget","visibility":"public","manifest":{"name":"Developer Tools","description":"<p>Contentstack’s Developer Tools app provides code samples and preview of the current entry in use, in the sidebar widget. The sidebar widget displays <strong>API Details</strong> tab and <strong>JSON view</strong> tab. Users can select the platform/ language in the API Details section and fetch the corresponding code of the entry.</p><p>You can also fetch code samples for all entries belonging to the particular content type. The <strong>JSON view</strong> tab displays the preview of the entry in JSON format.</p>","icon":"https://eu-images.contentstack.com/v3/assets/blt8f94ebff857fe1ae/blt8141683c1670df03/627d036d170c712e886640a8/developertools.svg","target_type":"stack","ui_location":{"signed":false,"base_url":"https://developer-tools-app.contentstackmarket.com","locations":[{"type":"cs.cm.stack.sidebar","meta":[{"uid":"628b5d4a49314928ff3f2c4b","path":"/field-extension","signed":false,"enabled":true}]}]}}}]