{"created_at":"2021-02-09T07:29:27.934Z","updated_at":"2021-03-24T11:46:53.298Z","title":"Author","uid":"author","_version":6,"inbuilt_class":false,"schema":[{"display_name":"Full Name","uid":"title","data_type":"text","mandatory":true,"unique":true,"field_metadata":{"_default":true,"version":3},"multiple":false,"non_localizable":false},{"data_type":"file","display_name":"Picture","uid":"picture","field_metadata":{"description":"","rich_text_type":"standard","image":true},"dimension":{"width":{"min":null,"max":null},"height":{"min":null,"max":null}},"multiple":false,"mandatory":true,"unique":false,"non_localizable":false},{"data_type":"text","display_name":"Bio","uid":"bio","field_metadata":{"description":"","default_value":"","multiline":true,"version":3},"format":"","error_messages":{"format":""},"multiple":false,"mandatory":false,"unique":false,"non_localizable":false}],"last_activity":{},"maintain_revisions":true,"description":"It contains blog authors","DEFAULT_ACL":[{"k":"others","v":{"read":false,"create":false}},{"k":"users.blt5e5ba8263c0201f1","v":{"read":true,"sub_acl":{"read":true}}}],"SYS_ACL":{"roles":[]},"options":{"is_page":false,"singleton":false,"title":"title","sub_title":[]},"abilities":{"get_one_object":true,"get_all_objects":true,"create_object":true,"update_object":true,"delete_object":true,"delete_all_objects":true}}