{"created_at":"2021-02-09T07:29:33.763Z","updated_at":"2021-03-24T11:46:32.452Z","title":"Blog Entry","uid":"blog_post","_version":8,"inbuilt_class":false,"schema":[{"display_name":"Title","uid":"title","data_type":"text","mandatory":true,"unique":true,"field_metadata":{"_default":true,"version":3},"multiple":false,"non_localizable":false},{"display_name":"URL","uid":"url","data_type":"text","mandatory":false,"field_metadata":{"_default":true,"version":3},"multiple":false,"unique":false,"non_localizable":false},{"data_type":"reference","display_name":"Author","reference_to":["author"],"field_metadata":{"ref_multiple":false,"ref_multiple_content_types":true},"uid":"author","mandatory":true,"multiple":false,"unique":false,"non_localizable":false},{"data_type":"isodate","display_name":"Date","uid":"date","startDate":null,"endDate":null,"field_metadata":{"description":"Optional field that overrides the publishing date.","default_value":{"custom":false,"date":"","time":""},"date_range":false},"mandatory":false,"multiple":false,"unique":false,"non_localizable":false},{"data_type":"file","display_name":"Featured Image","uid":"featured_image","field_metadata":{"description":"","rich_text_type":"standard","image":true},"dimension":{"width":{"min":null,"max":null},"height":{"min":null,"max":null}},"multiple":false,"mandatory":true,"unique":false,"non_localizable":false},{"data_type":"text","display_name":"Body","uid":"body","field_metadata":{"allow_rich_text":true,"description":"","multiline":false,"rich_text_type":"advanced","options":[],"version":3},"mandatory":true,"multiple":false,"unique":false,"non_localizable":false},{"data_type":"reference","display_name":"Related Post","reference_to":["blog_post"],"field_metadata":{"ref_multiple":true,"ref_multiple_content_types":true},"uid":"related_post","mandatory":false,"multiple":false,"unique":false,"non_localizable":false},{"data_type":"boolean","display_name":"Is Archived?","uid":"is_archived","field_metadata":{"description":"","default_value":false},"multiple":false,"mandatory":false,"unique":false,"non_localizable":false},{"data_type":"global_field","display_name":"SEO","reference_to":"seo","field_metadata":{"description":""},"uid":"seo","multiple":false,"mandatory":false,"unique":false,"non_localizable":false}],"last_activity":{},"maintain_revisions":true,"description":"It contains blog posts","DEFAULT_ACL":[{"k":"others","v":{"read":false,"create":false}},{"k":"users.blt5e5ba8263c0201f1","v":{"read":true,"sub_acl":{"read":true}}}],"SYS_ACL":{"roles":[]},"options":{"is_page":true,"singleton":false,"title":"title","sub_title":[],"url_pattern":"/:title","url_prefix":"/blog/"},"abilities":{"get_one_object":true,"get_all_objects":true,"create_object":true,"update_object":true,"delete_object":true,"delete_all_objects":true}}