{"created_at":"2021-02-09T07:29:32.371Z","updated_at":"2021-03-31T07:41:53.628Z","title":"Footer","uid":"footer","_version":10,"inbuilt_class":false,"schema":[{"display_name":"Title","uid":"title","data_type":"text","mandatory":true,"unique":true,"field_metadata":{"_default":true,"version":3},"multiple":false,"non_localizable":false},{"data_type":"file","display_name":"Logo","uid":"logo","field_metadata":{"description":"","rich_text_type":"standard","image":true},"dimension":{"width":{"min":null,"max":null},"height":{"min":null,"max":null}},"multiple":false,"mandatory":true,"unique":false,"non_localizable":false},{"data_type":"group","display_name":"Navigation","field_metadata":{},"schema":[{"data_type":"link","display_name":"Link","uid":"link","field_metadata":{"description":"","default_value":{"title":"","url":""}},"multiple":true,"mandatory":false,"unique":false,"non_localizable":false}],"uid":"navigation","multiple":false,"mandatory":false,"unique":false,"non_localizable":false},{"data_type":"group","display_name":"Social","field_metadata":{},"schema":[{"data_type":"group","display_name":"Social Share","field_metadata":{},"schema":[{"data_type":"link","display_name":"Link","uid":"link","field_metadata":{"description":"","default_value":"","isTitle":true},"multiple":false,"mandatory":false,"unique":false,"non_localizable":false},{"data_type":"file","display_name":"Icon","uid":"icon","field_metadata":{"description":"","rich_text_type":"standard","image":true},"non_localizable":false,"dimension":{"width":{"min":null,"max":null},"height":{"min":null,"max":null}},"multiple":false,"mandatory":true,"unique":false}],"uid":"social_share","multiple":true,"mandatory":false,"unique":false,"non_localizable":false}],"uid":"social","multiple":false,"mandatory":false,"unique":false,"non_localizable":false},{"data_type":"text","display_name":"Copyright","uid":"copyright","field_metadata":{"allow_rich_text":true,"description":"","multiline":false,"rich_text_type":"basic","version":3},"multiple":false,"mandatory":false,"unique":false,"non_localizable":false}],"last_activity":{},"maintain_revisions":true,"description":"It contains navigation, social media links and copyright text.","DEFAULT_ACL":[{"k":"others","v":{"read":false,"create":false}},{"k":"users.blt5e5ba8263c0201f1","v":{"read":true,"sub_acl":{"read":true}}}],"SYS_ACL":{"roles":[]},"options":{"is_page":false,"singleton":true,"title":"title","sub_title":[]},"abilities":{"get_one_object":true,"get_all_objects":true,"create_object":true,"update_object":true,"delete_object":true,"delete_all_objects":true}}