{"created_at":"2021-02-09T07:29:30.676Z","updated_at":"2021-03-31T07:43:11.204Z","title":"Header","uid":"header","_version":9,"inbuilt_class":false,"schema":[{"display_name":"Title","uid":"title","data_type":"text","mandatory":true,"unique":true,"field_metadata":{"_default":true,"version":3},"multiple":false,"non_localizable":false},{"data_type":"file","display_name":"Logo","uid":"logo","field_metadata":{"description":"","rich_text_type":"standard","image":true},"multiple":false,"mandatory":true,"unique":false,"non_localizable":false,"dimension":{"width":{"min":null,"max":null},"height":{"min":null,"max":null}}},{"data_type":"group","display_name":"Navigation Menu","field_metadata":{},"schema":[{"data_type":"text","display_name":"Label","uid":"label","field_metadata":{"description":"Overwrites the reference title if used","default_value":"","version":3,"isTitle":true},"format":"","error_messages":{"format":""},"non_localizable":false,"multiple":false,"mandatory":false,"unique":false},{"data_type":"reference","display_name":"Page Reference","reference_to":["page"],"field_metadata":{"ref_multiple":false,"ref_multiple_content_types":true},"uid":"page_reference","non_localizable":false,"mandatory":true,"multiple":false,"unique":false}],"uid":"navigation_menu","multiple":true,"mandatory":false,"unique":false,"non_localizable":false,"max_instance":10},{"data_type":"group","display_name":"Notification Bar","field_metadata":{},"schema":[{"data_type":"text","display_name":"Announcement Text","uid":"announcement_text","field_metadata":{"allow_rich_text":true,"description":"","multiline":false,"rich_text_type":"basic","options":[],"version":3},"multiple":false,"mandatory":false,"unique":false,"non_localizable":false},{"data_type":"boolean","display_name":"Show Announcement?","uid":"show_announcement","field_metadata":{"description":"","default_value":false},"multiple":false,"mandatory":false,"unique":false,"non_localizable":false}],"uid":"notification_bar","multiple":false,"mandatory":false,"unique":false,"non_localizable":false}],"last_activity":{},"maintain_revisions":true,"description":"It contains the company logo, main navigation and notification bar.","DEFAULT_ACL":[{"k":"others","v":{"read":false,"create":false}},{"k":"users.blt5e5ba8263c0201f1","v":{"read":true,"sub_acl":{"read":true}}}],"SYS_ACL":{"roles":[]},"options":{"is_page":false,"singleton":true,"title":"title","sub_title":[]},"abilities":{"get_one_object":true,"get_all_objects":true,"create_object":true,"update_object":true,"delete_object":true,"delete_all_objects":true}}