{"blt35b78388c3489554":{"stackHeaders":{"api_key":"blt370ea1a40af9fcec"},"urlPath":"/assets/blt35b78388c3489554","uid":"blt35b78388c3489554","content_type":"image/jpeg","file_size":"21371","tags":[],"filename":"Virginia_Woolf_Headshot.jpg","url":"https://images.contentstack.io/v3/assets/blt370ea1a40af9fcec/blt35b78388c3489554/63c666a9acb29e11df7fe6de/Virginia_Woolf_Headshot.jpg","ACL":{"roles":[],"others":{"read":false,"create":false,"update":false,"delete":false,"sub_acl":{"read":false,"create":false,"update":false,"delete":false,"publish":false}}},"is_dir":false,"parent_uid":"blt59b91c72e8ac8849","_version":1,"title":"Virginia Woolf","description":"","publish_details":[{"environment":"blt2145a53add75478a","locale":"en-us","time":"2023-01-17T09:13:13.607Z","user":"bltf01cfddcefa2394d","version":1},{"environment":"blt4d6ead373cb24e21","locale":"en-us","time":"2023-01-17T09:13:13.613Z","user":"bltf01cfddcefa2394d","version":1},{"environment":"blte95eab87cc25a373","locale":"en-us","time":"2023-01-17T09:13:13.619Z","user":"bltf01cfddcefa2394d","version":1}]},"blt340d71324d8f991e":{"stackHeaders":{"api_key":"blt370ea1a40af9fcec"},"urlPath":"/assets/blt340d71324d8f991e","uid":"blt340d71324d8f991e","content_type":"image/jpeg","file_size":"41226","tags":[],"filename":"Maya_Angelou_Headshot.jpg","url":"https://images.contentstack.io/v3/assets/blt370ea1a40af9fcec/blt340d71324d8f991e/63c666a9f62bc35ad59e9be4/Maya_Angelou_Headshot.jpg","ACL":{"roles":[],"others":{"read":false,"create":false,"update":false,"delete":false,"sub_acl":{"read":false,"create":false,"update":false,"delete":false,"publish":false}}},"is_dir":false,"parent_uid":"blt59b91c72e8ac8849","_version":1,"title":"Maya Angelou","description":"","publish_details":[{"environment":"blt2145a53add75478a","locale":"en-us","time":"2023-01-17T09:13:13.844Z","user":"bltf01cfddcefa2394d","version":1},{"environment":"blt4d6ead373cb24e21","locale":"en-us","time":"2023-01-17T09:13:13.850Z","user":"bltf01cfddcefa2394d","version":1},{"environment":"blte95eab87cc25a373","locale":"en-us","time":"2023-01-17T09:13:13.855Z","user":"bltf01cfddcefa2394d","version":1}]},"blt72a37d4734b0d0c9":{"stackHeaders":{"api_key":"blt370ea1a40af9fcec"},"urlPath":"/assets/blt72a37d4734b0d0c9","uid":"blt72a37d4734b0d0c9","content_type":"image/svg+xml","file_size":"55212","tags":[],"filename":"alden-cantrell.svg","url":"https://images.contentstack.io/v3/assets/blt370ea1a40af9fcec/blt72a37d4734b0d0c9/63c666a9182d990c315452eb/alden-cantrell.svg","ACL":{"roles":[],"others":{"read":false,"create":false,"update":false,"delete":false,"sub_acl":{"read":false,"create":false,"update":false,"delete":false,"publish":false}}},"is_dir":false,"parent_uid":"blt01068df248b9d541","_version":1,"title":"alden-cantrell.svg","publish_details":[{"environment":"blt2145a53add75478a","locale":"en-us","time":"2023-01-17T09:13:13.363Z","user":"bltf01cfddcefa2394d","version":1},{"environment":"blt4d6ead373cb24e21","locale":"en-us","time":"2023-01-17T09:13:13.366Z","user":"bltf01cfddcefa2394d","version":1},{"environment":"blte95eab87cc25a373","locale":"en-us","time":"2023-01-17T09:13:13.369Z","user":"bltf01cfddcefa2394d","version":1}]},"bltea9f1e016651ba0b":{"stackHeaders":{"api_key":"blt370ea1a40af9fcec"},"urlPath":"/assets/bltea9f1e016651ba0b","uid":"bltea9f1e016651ba0b","content_type":"image/svg+xml","file_size":"32524","tags":[],"filename":"data-mining.svg","url":"https://images.contentstack.io/v3/assets/blt370ea1a40af9fcec/bltea9f1e016651ba0b/63c666a4b3ddd20a19cbf8e8/data-mining.svg","ACL":{"roles":[],"others":{"read":false,"create":false,"update":false,"delete":false,"sub_acl":{"read":false,"create":false,"update":false,"delete":false,"publish":false}}},"is_dir":false,"parent_uid":"blt9b1d7d3d30bf7940","_version":1,"title":"Data Mining","description":"","publish_details":[{"environment":"blt2145a53add75478a","locale":"en-us","time":"2023-01-17T09:13:09.157Z","user":"bltf01cfddcefa2394d","version":1},{"environment":"blt4d6ead373cb24e21","locale":"en-us","time":"2023-01-17T09:13:09.161Z","user":"bltf01cfddcefa2394d","version":1},{"environment":"blte95eab87cc25a373","locale":"en-us","time":"2023-01-17T09:13:09.165Z","user":"bltf01cfddcefa2394d","version":1}]},"bltc7a39ac1cb930547":{"stackHeaders":{"api_key":"blt370ea1a40af9fcec"},"urlPath":"/assets/bltc7a39ac1cb930547","uid":"bltc7a39ac1cb930547","content_type":"image/svg+xml","file_size":"1053","tags":[],"filename":"security.svg","url":"https://images.contentstack.io/v3/assets/blt370ea1a40af9fcec/bltc7a39ac1cb930547/63c666a4f24a9210a36309b9/security.svg","ACL":{"roles":[],"others":{"read":false,"create":false,"update":false,"delete":false,"sub_acl":{"read":false,"create":false,"update":false,"delete":false,"publish":false}}},"is_dir":false,"parent_uid":"blt6636ba847a018128","_version":1,"title":"Security","description":"","publish_details":[{"environment":"blt2145a53add75478a","locale":"en-us","time":"2023-01-17T09:13:08.876Z","user":"bltf01cfddcefa2394d","version":1},{"environment":"blt4d6ead373cb24e21","locale":"en-us","time":"2023-01-17T09:13:08.879Z","user":"bltf01cfddcefa2394d","version":1},{"environment":"blte95eab87cc25a373","locale":"en-us","time":"2023-01-17T09:13:08.882Z","user":"bltf01cfddcefa2394d","version":1}]},"bltc862adb1af7590d4":{"stackHeaders":{"api_key":"blt370ea1a40af9fcec"},"urlPath":"/assets/bltc862adb1af7590d4","uid":"bltc862adb1af7590d4","content_type":"image/svg+xml","file_size":"47003","tags":[],"filename":"modern-cloud-ecosystem.svg","url":"https://images.contentstack.io/v3/assets/blt370ea1a40af9fcec/bltc862adb1af7590d4/63c666a57927421098dfad99/modern-cloud-ecosystem.svg","ACL":{"roles":[],"others":{"read":false,"create":false,"update":false,"delete":false,"sub_acl":{"read":false,"create":false,"update":false,"delete":false,"publish":false}}},"is_dir":false,"parent_uid":"blt9b1d7d3d30bf7940","_version":1,"title":"Modern Cloud Ecosystem","description":"","publish_details":[{"environment":"blt2145a53add75478a","locale":"en-us","time":"2023-01-17T09:13:09.424Z","user":"bltf01cfddcefa2394d","version":1},{"environment":"blt4d6ead373cb24e21","locale":"en-us","time":"2023-01-17T09:13:09.427Z","user":"bltf01cfddcefa2394d","version":1},{"environment":"blte95eab87cc25a373","locale":"en-us","time":"2023-01-17T09:13:09.430Z","user":"bltf01cfddcefa2394d","version":1}]},"blt82d7ea40a5003dde":{"stackHeaders":{"api_key":"blt370ea1a40af9fcec"},"urlPath":"/assets/blt82d7ea40a5003dde","uid":"blt82d7ea40a5003dde","content_type":"image/jpeg","file_size":"25872","tags":[],"filename":"W._E._B._Du_Bois_Headshot.jpg","url":"https://images.contentstack.io/v3/assets/blt370ea1a40af9fcec/blt82d7ea40a5003dde/63c666a568e9670e8f3e3e34/W._E._B._Du_Bois_Headshot.jpg","ACL":{"roles":[],"others":{"read":false,"create":false,"update":false,"delete":false,"sub_acl":{"read":false,"create":false,"update":false,"delete":false,"publish":false}}},"is_dir":false,"parent_uid":"blt59b91c72e8ac8849","_version":1,"title":"W.E. B. Du Bois","description":"","publish_details":[{"environment":"blt2145a53add75478a","locale":"en-us","time":"2023-01-17T09:13:10.128Z","user":"bltf01cfddcefa2394d","version":1},{"environment":"blt4d6ead373cb24e21","locale":"en-us","time":"2023-01-17T09:13:10.131Z","user":"bltf01cfddcefa2394d","version":1},{"environment":"blte95eab87cc25a373","locale":"en-us","time":"2023-01-17T09:13:10.134Z","user":"bltf01cfddcefa2394d","version":1}]},"blt9da75be4aa39473b":{"stackHeaders":{"api_key":"blt370ea1a40af9fcec"},"urlPath":"/assets/blt9da75be4aa39473b","uid":"blt9da75be4aa39473b","content_type":"image/png","file_size":"99632","tags":[],"filename":"Charlotte_Bronte_Headshot.png","url":"https://images.contentstack.io/v3/assets/blt370ea1a40af9fcec/blt9da75be4aa39473b/63c666a5f62bc35ad59e9be0/Charlotte_Bronte_Headshot.png","ACL":{"roles":[],"others":{"read":false,"create":false,"update":false,"delete":false,"sub_acl":{"read":false,"create":false,"update":false,"delete":false,"publish":false}}},"is_dir":false,"parent_uid":"blt59b91c72e8ac8849","_version":1,"title":"Charlotte Bronte","description":"","publish_details":[{"environment":"blt2145a53add75478a","locale":"en-us","time":"2023-01-17T09:13:09.653Z","user":"bltf01cfddcefa2394d","version":1},{"environment":"blt4d6ead373cb24e21","locale":"en-us","time":"2023-01-17T09:13:09.656Z","user":"bltf01cfddcefa2394d","version":1},{"environment":"blte95eab87cc25a373","locale":"en-us","time":"2023-01-17T09:13:09.659Z","user":"bltf01cfddcefa2394d","version":1}]},"bltf5098034158b3e8d":{"stackHeaders":{"api_key":"blt370ea1a40af9fcec"},"urlPath":"/assets/bltf5098034158b3e8d","uid":"bltf5098034158b3e8d","content_type":"image/svg+xml","file_size":"11085","tags":[],"filename":"company-logo.svg","url":"https://images.contentstack.io/v3/assets/blt370ea1a40af9fcec/bltf5098034158b3e8d/63c666a6ba3c0a11eaa6321b/company-logo.svg","ACL":{"roles":[],"others":{"read":false,"create":false,"update":false,"delete":false,"sub_acl":{"read":false,"create":false,"update":false,"delete":false,"publish":false}}},"is_dir":false,"parent_uid":"blt064e11e1a2621f7d","_version":1,"title":"Company Logo","description":"","publish_details":[{"environment":"blt2145a53add75478a","locale":"en-us","time":"2023-01-17T09:13:10.745Z","user":"bltf01cfddcefa2394d","version":1},{"environment":"blt4d6ead373cb24e21","locale":"en-us","time":"2023-01-17T09:13:10.749Z","user":"bltf01cfddcefa2394d","version":1},{"environment":"blte95eab87cc25a373","locale":"en-us","time":"2023-01-17T09:13:10.753Z","user":"bltf01cfddcefa2394d","version":1}]},"blt11c2e718721bfc51":{"stackHeaders":{"api_key":"blt370ea1a40af9fcec"},"urlPath":"/assets/blt11c2e718721bfc51","uid":"blt11c2e718721bfc51","content_type":"image/svg+xml","file_size":"76596","tags":[],"filename":"our-story.svg","url":"https://images.contentstack.io/v3/assets/blt370ea1a40af9fcec/blt11c2e718721bfc51/63c666a681ccfa1cf0e04ff6/our-story.svg","ACL":{"roles":[],"others":{"read":false,"create":false,"update":false,"delete":false,"sub_acl":{"read":false,"create":false,"update":false,"delete":false,"publish":false}}},"is_dir":false,"parent_uid":"blt01068df248b9d541","_version":1,"title":"our-story.svg","publish_details":[{"environment":"blt2145a53add75478a","locale":"en-us","time":"2023-01-17T09:13:10.399Z","user":"bltf01cfddcefa2394d","version":1},{"environment":"blt4d6ead373cb24e21","locale":"en-us","time":"2023-01-17T09:13:10.403Z","user":"bltf01cfddcefa2394d","version":1},{"environment":"blte95eab87cc25a373","locale":"en-us","time":"2023-01-17T09:13:10.405Z","user":"bltf01cfddcefa2394d","version":1}]},"blta7f129e973a22b8b":{"stackHeaders":{"api_key":"blt370ea1a40af9fcec"},"urlPath":"/assets/blta7f129e973a22b8b","uid":"blta7f129e973a22b8b","content_type":"image/jpeg","file_size":"148713","tags":[],"filename":"Mark_Twain_Headshot.jpg","url":"https://images.contentstack.io/v3/assets/blt370ea1a40af9fcec/blta7f129e973a22b8b/63c666a57431781a216aeb9d/Mark_Twain_Headshot.jpg","ACL":{"roles":[],"others":{"read":false,"create":false,"update":false,"delete":false,"sub_acl":{"read":false,"create":false,"update":false,"delete":false,"publish":false}}},"is_dir":false,"parent_uid":"blt59b91c72e8ac8849","_version":1,"title":"Mark Twain","description":"","publish_details":[{"environment":"blt2145a53add75478a","locale":"en-us","time":"2023-01-17T09:13:10.075Z","user":"bltf01cfddcefa2394d","version":1},{"environment":"blt4d6ead373cb24e21","locale":"en-us","time":"2023-01-17T09:13:10.078Z","user":"bltf01cfddcefa2394d","version":1},{"environment":"blte95eab87cc25a373","locale":"en-us","time":"2023-01-17T09:13:10.081Z","user":"bltf01cfddcefa2394d","version":1}]},"bltb9087778202f8b34":{"stackHeaders":{"api_key":"blt370ea1a40af9fcec"},"urlPath":"/assets/bltb9087778202f8b34","uid":"bltb9087778202f8b34","content_type":"image/svg+xml","file_size":"125471","tags":[],"filename":"about-us.svg","url":"https://images.contentstack.io/v3/assets/blt370ea1a40af9fcec/bltb9087778202f8b34/63c666a7360344136922b8a5/about-us.svg","ACL":{"roles":[],"others":{"read":false,"create":false,"update":false,"delete":false,"sub_acl":{"read":false,"create":false,"update":false,"delete":false,"publish":false}}},"is_dir":false,"parent_uid":"blt01068df248b9d541","_version":1,"title":"about-us.svg","publish_details":[{"environment":"blt2145a53add75478a","locale":"en-us","time":"2023-01-17T09:13:11.679Z","user":"bltf01cfddcefa2394d","version":1},{"environment":"blt4d6ead373cb24e21","locale":"en-us","time":"2023-01-17T09:13:11.683Z","user":"bltf01cfddcefa2394d","version":1},{"environment":"blte95eab87cc25a373","locale":"en-us","time":"2023-01-17T09:13:11.686Z","user":"bltf01cfddcefa2394d","version":1}]},"blt6c20b3b1c4ee1f90":{"stackHeaders":{"api_key":"blt370ea1a40af9fcec"},"urlPath":"/assets/blt6c20b3b1c4ee1f90","uid":"blt6c20b3b1c4ee1f90","content_type":"image/svg+xml","file_size":"154333","tags":[],"filename":"cierra-vega.svg","url":"https://images.contentstack.io/v3/assets/blt370ea1a40af9fcec/blt6c20b3b1c4ee1f90/63c666a7f4e758043416bc26/cierra-vega.svg","ACL":{"roles":[],"others":{"read":false,"create":false,"update":false,"delete":false,"sub_acl":{"read":false,"create":false,"update":false,"delete":false,"publish":false}}},"is_dir":false,"parent_uid":"blt01068df248b9d541","_version":1,"title":"Cierra Vega","description":"","publish_details":[{"environment":"blt2145a53add75478a","locale":"en-us","time":"2023-01-17T09:13:11.984Z","user":"bltf01cfddcefa2394d","version":1},{"environment":"blt4d6ead373cb24e21","locale":"en-us","time":"2023-01-17T09:13:11.988Z","user":"bltf01cfddcefa2394d","version":1},{"environment":"blte95eab87cc25a373","locale":"en-us","time":"2023-01-17T09:13:11.991Z","user":"bltf01cfddcefa2394d","version":1}]},"bltf4bca392b3b69ce2":{"stackHeaders":{"api_key":"blt370ea1a40af9fcec"},"urlPath":"/assets/bltf4bca392b3b69ce2","uid":"bltf4bca392b3b69ce2","content_type":"image/jpeg","file_size":"31539","tags":[],"filename":"Charles_Dickens_Headshot.jpg","url":"https://images.contentstack.io/v3/assets/blt370ea1a40af9fcec/bltf4bca392b3b69ce2/63c666a69666761fbc26afb9/Charles_Dickens_Headshot.jpg","ACL":{"roles":[],"others":{"read":false,"create":false,"update":false,"delete":false,"sub_acl":{"read":false,"create":false,"update":false,"delete":false,"publish":false}}},"is_dir":false,"parent_uid":"blt59b91c72e8ac8849","_version":1,"title":"Charles Dickens","description":"","publish_details":[{"environment":"blt2145a53add75478a","locale":"en-us","time":"2023-01-17T09:13:11.020Z","user":"bltf01cfddcefa2394d","version":1},{"environment":"blt4d6ead373cb24e21","locale":"en-us","time":"2023-01-17T09:13:11.023Z","user":"bltf01cfddcefa2394d","version":1},{"environment":"blte95eab87cc25a373","locale":"en-us","time":"2023-01-17T09:13:11.026Z","user":"bltf01cfddcefa2394d","version":1}]},"bltd699aa1917684ae6":{"stackHeaders":{"api_key":"blt370ea1a40af9fcec"},"urlPath":"/assets/bltd699aa1917684ae6","uid":"bltd699aa1917684ae6","content_type":"image/svg+xml","file_size":"32495","tags":[],"filename":"traditional-decoupled-_headless-cms.svg","url":"https://images.contentstack.io/v3/assets/blt370ea1a40af9fcec/bltd699aa1917684ae6/63c666a775a0df5fb06eda21/traditional-decoupled-_headless-cms.svg","ACL":{"roles":[],"others":{"read":false,"create":false,"update":false,"delete":false,"sub_acl":{"read":false,"create":false,"update":false,"delete":false,"publish":false}}},"is_dir":false,"parent_uid":"blt9b1d7d3d30bf7940","_version":1,"title":"Traditional Decoupled Headless CMS","description":"","publish_details":[{"environment":"blt2145a53add75478a","locale":"en-us","time":"2023-01-17T09:13:12.190Z","user":"bltf01cfddcefa2394d","version":1},{"environment":"blt4d6ead373cb24e21","locale":"en-us","time":"2023-01-17T09:13:12.196Z","user":"bltf01cfddcefa2394d","version":1},{"environment":"blte95eab87cc25a373","locale":"en-us","time":"2023-01-17T09:13:12.202Z","user":"bltf01cfddcefa2394d","version":1}]},"bltad35bbe600627697":{"stackHeaders":{"api_key":"blt370ea1a40af9fcec"},"urlPath":"/assets/bltad35bbe600627697","uid":"bltad35bbe600627697","content_type":"image/svg+xml","file_size":"128164","tags":[],"filename":"thomas-crane.svg","url":"https://images.contentstack.io/v3/assets/blt370ea1a40af9fcec/bltad35bbe600627697/63c666a87431781a216aeba1/thomas-crane.svg","ACL":{"roles":[],"others":{"read":false,"create":false,"update":false,"delete":false,"sub_acl":{"read":false,"create":false,"update":false,"delete":false,"publish":false}}},"is_dir":false,"parent_uid":"blt01068df248b9d541","_version":1,"title":"thomas-crane.svg","publish_details":[{"environment":"blt2145a53add75478a","locale":"en-us","time":"2023-01-17T09:13:12.455Z","user":"bltf01cfddcefa2394d","version":1},{"environment":"blt4d6ead373cb24e21","locale":"en-us","time":"2023-01-17T09:13:12.457Z","user":"bltf01cfddcefa2394d","version":1},{"environment":"blte95eab87cc25a373","locale":"en-us","time":"2023-01-17T09:13:12.460Z","user":"bltf01cfddcefa2394d","version":1}]},"blt169f08cd4a156900":{"stackHeaders":{"api_key":"blt370ea1a40af9fcec"},"urlPath":"/assets/blt169f08cd4a156900","uid":"blt169f08cd4a156900","content_type":"image/jpeg","file_size":"34781","tags":[],"filename":"Zora_Neale_Hurston_Headshot.jpg","url":"https://images.contentstack.io/v3/assets/blt370ea1a40af9fcec/blt169f08cd4a156900/63c666a65decd75f45a219a0/Zora_Neale_Hurston_Headshot.jpg","ACL":{"roles":[],"others":{"read":false,"create":false,"update":false,"delete":false,"sub_acl":{"read":false,"create":false,"update":false,"delete":false,"publish":false}}},"is_dir":false,"parent_uid":"blt59b91c72e8ac8849","_version":1,"title":"Zora Neale Hurston","description":"","publish_details":[{"environment":"blt2145a53add75478a","locale":"en-us","time":"2023-01-17T09:13:11.240Z","user":"bltf01cfddcefa2394d","version":1},{"environment":"blt4d6ead373cb24e21","locale":"en-us","time":"2023-01-17T09:13:11.244Z","user":"bltf01cfddcefa2394d","version":1},{"environment":"blte95eab87cc25a373","locale":"en-us","time":"2023-01-17T09:13:11.247Z","user":"bltf01cfddcefa2394d","version":1}]},"blt4e97dc0375e9781d":{"stackHeaders":{"api_key":"blt370ea1a40af9fcec"},"urlPath":"/assets/blt4e97dc0375e9781d","uid":"blt4e97dc0375e9781d","content_type":"image/svg+xml","file_size":"26826","tags":[],"filename":"business-with-al.svg","url":"https://images.contentstack.io/v3/assets/blt370ea1a40af9fcec/blt4e97dc0375e9781d/63c666a827b1c40dbaa865df/business-with-al.svg","ACL":{"roles":[],"others":{"read":false,"create":false,"update":false,"delete":false,"sub_acl":{"read":false,"create":false,"update":false,"delete":false,"publish":false}}},"is_dir":false,"parent_uid":"blt9b1d7d3d30bf7940","_version":1,"title":"Business With Al","description":"","publish_details":[{"environment":"blt2145a53add75478a","locale":"en-us","time":"2023-01-17T09:13:12.655Z","user":"bltf01cfddcefa2394d","version":1},{"environment":"blt4d6ead373cb24e21","locale":"en-us","time":"2023-01-17T09:13:12.658Z","user":"bltf01cfddcefa2394d","version":1},{"environment":"blte95eab87cc25a373","locale":"en-us","time":"2023-01-17T09:13:12.660Z","user":"bltf01cfddcefa2394d","version":1}]},"blt62d0b41cca4d16bb":{"stackHeaders":{"api_key":"blt370ea1a40af9fcec"},"urlPath":"/assets/blt62d0b41cca4d16bb","uid":"blt62d0b41cca4d16bb","content_type":"image/jpeg","file_size":"8494","tags":[],"filename":"AlbertEinstein.jpeg","url":"https://images.contentstack.io/v3/assets/blt370ea1a40af9fcec/blt62d0b41cca4d16bb/63c666a8c82c4c38f2dbe2d0/AlbertEinstein.jpeg","ACL":{"roles":[],"others":{"read":false,"create":false,"update":false,"delete":false,"sub_acl":{"read":false,"create":false,"update":false,"delete":false,"publish":false}}},"is_dir":false,"parent_uid":"blt59b91c72e8ac8849","_version":1,"title":"AlbertEinstein.jpeg","publish_details":[{"environment":"blt2145a53add75478a","locale":"en-us","time":"2023-01-17T09:13:12.896Z","user":"bltf01cfddcefa2394d","version":1},{"environment":"blt4d6ead373cb24e21","locale":"en-us","time":"2023-01-17T09:13:12.900Z","user":"bltf01cfddcefa2394d","version":1},{"environment":"blte95eab87cc25a373","locale":"en-us","time":"2023-01-17T09:13:12.903Z","user":"bltf01cfddcefa2394d","version":1}]},"blt87be3dc69af2ac8b":{"stackHeaders":{"api_key":"blt370ea1a40af9fcec"},"urlPath":"/assets/blt87be3dc69af2ac8b","uid":"blt87be3dc69af2ac8b","content_type":"image/svg+xml","file_size":"48517","tags":[],"filename":"pierre-cox.svg","url":"https://images.contentstack.io/v3/assets/blt370ea1a40af9fcec/blt87be3dc69af2ac8b/63c666a8360344136922b8a9/pierre-cox.svg","ACL":{"roles":[],"others":{"read":false,"create":false,"update":false,"delete":false,"sub_acl":{"read":false,"create":false,"update":false,"delete":false,"publish":false}}},"is_dir":false,"parent_uid":"blt01068df248b9d541","_version":1,"title":"pierre-cox.svg","publish_details":[{"environment":"blt2145a53add75478a","locale":"en-us","time":"2023-01-17T09:13:13.146Z","user":"bltf01cfddcefa2394d","version":1},{"environment":"blt4d6ead373cb24e21","locale":"en-us","time":"2023-01-17T09:13:13.153Z","user":"bltf01cfddcefa2394d","version":1},{"environment":"blte95eab87cc25a373","locale":"en-us","time":"2023-01-17T09:13:13.159Z","user":"bltf01cfddcefa2394d","version":1}]},"blt768a700bf735f3d3":{"stackHeaders":{"api_key":"blt370ea1a40af9fcec"},"urlPath":"/assets/blt768a700bf735f3d3","uid":"blt768a700bf735f3d3","content_type":"image/svg+xml","file_size":"49454","tags":[],"filename":"help-for-the-next-step.svg","url":"https://images.contentstack.io/v3/assets/blt370ea1a40af9fcec/blt768a700bf735f3d3/63c666a4abb5441cfbc66d97/help-for-the-next-step.svg","ACL":{"roles":[],"others":{"read":false,"create":false,"update":false,"delete":false,"sub_acl":{"read":false,"create":false,"update":false,"delete":false,"publish":false}}},"is_dir":false,"parent_uid":"blt6636ba847a018128","_version":1,"title":"help-for-the-next-step.svg","publish_details":[{"environment":"blt2145a53add75478a","locale":"en-us","time":"2023-01-17T09:13:08.605Z","user":"bltf01cfddcefa2394d","version":1},{"environment":"blt4d6ead373cb24e21","locale":"en-us","time":"2023-01-17T09:13:08.609Z","user":"bltf01cfddcefa2394d","version":1},{"environment":"blte95eab87cc25a373","locale":"en-us","time":"2023-01-17T09:13:08.612Z","user":"bltf01cfddcefa2394d","version":1}]},"blt311fa9a53b7113c1":{"stackHeaders":{"api_key":"blt370ea1a40af9fcec"},"urlPath":"/assets/blt311fa9a53b7113c1","uid":"blt311fa9a53b7113c1","content_type":"image/svg+xml","file_size":"1436","tags":[],"filename":"Twitter.svg","url":"https://images.contentstack.io/v3/assets/blt370ea1a40af9fcec/blt311fa9a53b7113c1/63c666a37e5a9e4434e37fe2/Twitter.svg","ACL":{"roles":[],"others":{"read":false,"create":false,"update":false,"delete":false,"sub_acl":{"read":false,"create":false,"update":false,"delete":false,"publish":false}}},"is_dir":false,"parent_uid":"blt2aea47767268497f","_version":1,"title":"Twitter.svg","publish_details":[{"environment":"blt2145a53add75478a","locale":"en-us","time":"2023-01-17T09:13:08.315Z","user":"bltf01cfddcefa2394d","version":1},{"environment":"blt4d6ead373cb24e21","locale":"en-us","time":"2023-01-17T09:13:08.318Z","user":"bltf01cfddcefa2394d","version":1},{"environment":"blte95eab87cc25a373","locale":"en-us","time":"2023-01-17T09:13:08.321Z","user":"bltf01cfddcefa2394d","version":1}]},"blt15c954b340e2fade":{"stackHeaders":{"api_key":"blt370ea1a40af9fcec"},"urlPath":"/assets/blt15c954b340e2fade","uid":"blt15c954b340e2fade","content_type":"image/svg+xml","file_size":"1314","tags":[],"filename":"cloud-computing.svg","url":"https://images.contentstack.io/v3/assets/blt370ea1a40af9fcec/blt15c954b340e2fade/63c666a0d4b54d649fb34eed/cloud-computing.svg","ACL":{"roles":[],"others":{"read":false,"create":false,"update":false,"delete":false,"sub_acl":{"read":false,"create":false,"update":false,"delete":false,"publish":false}}},"is_dir":false,"parent_uid":"blt6636ba847a018128","_version":1,"title":"Cloud Computing","description":"","publish_details":[{"environment":"blt2145a53add75478a","locale":"en-us","time":"2023-01-17T09:13:04.324Z","user":"bltf01cfddcefa2394d","version":1},{"environment":"blt4d6ead373cb24e21","locale":"en-us","time":"2023-01-17T09:13:04.333Z","user":"bltf01cfddcefa2394d","version":1},{"environment":"blte95eab87cc25a373","locale":"en-us","time":"2023-01-17T09:13:04.338Z","user":"bltf01cfddcefa2394d","version":1}]},"blt1174695df6731544":{"stackHeaders":{"api_key":"blt370ea1a40af9fcec"},"urlPath":"/assets/blt1174695df6731544","uid":"blt1174695df6731544","content_type":"image/svg+xml","file_size":"54029","tags":[],"filename":"winning-digital-strategy.svg","url":"https://images.contentstack.io/v3/assets/blt370ea1a40af9fcec/blt1174695df6731544/63c666a385eff218d4eac279/winning-digital-strategy.svg","ACL":{"roles":[],"others":{"read":false,"create":false,"update":false,"delete":false,"sub_acl":{"read":false,"create":false,"update":false,"delete":false,"publish":false}}},"is_dir":false,"parent_uid":"blt6636ba847a018128","_version":1,"title":"Winning Digital Strategy","description":"","publish_details":[{"environment":"blt2145a53add75478a","locale":"en-us","time":"2023-01-17T09:13:08.145Z","user":"bltf01cfddcefa2394d","version":1},{"environment":"blt4d6ead373cb24e21","locale":"en-us","time":"2023-01-17T09:13:08.148Z","user":"bltf01cfddcefa2394d","version":1},{"environment":"blte95eab87cc25a373","locale":"en-us","time":"2023-01-17T09:13:08.151Z","user":"bltf01cfddcefa2394d","version":1}]},"bltca950070eedc0013":{"stackHeaders":{"api_key":"blt370ea1a40af9fcec"},"urlPath":"/assets/bltca950070eedc0013","uid":"bltca950070eedc0013","content_type":"image/svg+xml","file_size":"1288","tags":[],"filename":"facebook.svg","url":"https://images.contentstack.io/v3/assets/blt370ea1a40af9fcec/bltca950070eedc0013/63c666a006eff70d38085220/facebook.svg","ACL":{"roles":[],"others":{"read":false,"create":false,"update":false,"delete":false,"sub_acl":{"read":false,"create":false,"update":false,"delete":false,"publish":false}}},"is_dir":false,"parent_uid":"blt2aea47767268497f","_version":1,"title":"facebook.svg","publish_details":[{"environment":"blt2145a53add75478a","locale":"en-us","time":"2023-01-17T09:13:05.283Z","user":"bltf01cfddcefa2394d","version":1},{"environment":"blt4d6ead373cb24e21","locale":"en-us","time":"2023-01-17T09:13:05.287Z","user":"bltf01cfddcefa2394d","version":1},{"environment":"blte95eab87cc25a373","locale":"en-us","time":"2023-01-17T09:13:05.290Z","user":"bltf01cfddcefa2394d","version":1}]},"blt0a0f4c17ad2139a6":{"stackHeaders":{"api_key":"blt370ea1a40af9fcec"},"urlPath":"/assets/blt0a0f4c17ad2139a6","uid":"blt0a0f4c17ad2139a6","content_type":"image/jpeg","file_size":"12668","tags":[],"filename":"Jane_Austen_Headshot.jpg","url":"https://images.contentstack.io/v3/assets/blt370ea1a40af9fcec/blt0a0f4c17ad2139a6/63c666a068e9670e8f3e3e30/Jane_Austen_Headshot.jpg","ACL":{"roles":[],"others":{"read":false,"create":false,"update":false,"delete":false,"sub_acl":{"read":false,"create":false,"update":false,"delete":false,"publish":false}}},"is_dir":false,"parent_uid":"blt59b91c72e8ac8849","_version":1,"title":"Jane Austen","description":"","publish_details":[{"environment":"blt2145a53add75478a","locale":"en-us","time":"2023-01-17T09:13:04.593Z","user":"bltf01cfddcefa2394d","version":1},{"environment":"blt4d6ead373cb24e21","locale":"en-us","time":"2023-01-17T09:13:04.599Z","user":"bltf01cfddcefa2394d","version":1},{"environment":"blte95eab87cc25a373","locale":"en-us","time":"2023-01-17T09:13:04.603Z","user":"bltf01cfddcefa2394d","version":1}]},"bltb9edd6f83ce2235b":{"stackHeaders":{"api_key":"blt370ea1a40af9fcec"},"urlPath":"/assets/bltb9edd6f83ce2235b","uid":"bltb9edd6f83ce2235b","content_type":"image/svg+xml","file_size":"806","tags":[],"filename":"Instagram.svg","url":"https://images.contentstack.io/v3/assets/blt370ea1a40af9fcec/bltb9edd6f83ce2235b/63c666a1011a3c4839355258/Instagram.svg","ACL":{"roles":[],"others":{"read":false,"create":false,"update":false,"delete":false,"sub_acl":{"read":false,"create":false,"update":false,"delete":false,"publish":false}}},"is_dir":false,"parent_uid":"blt2aea47767268497f","_version":1,"title":"Instagram.svg","description":"","publish_details":[{"environment":"blt2145a53add75478a","locale":"en-us","time":"2023-01-17T09:13:05.907Z","user":"bltf01cfddcefa2394d","version":1},{"environment":"blt4d6ead373cb24e21","locale":"en-us","time":"2023-01-17T09:13:05.910Z","user":"bltf01cfddcefa2394d","version":1},{"environment":"blte95eab87cc25a373","locale":"en-us","time":"2023-01-17T09:13:05.913Z","user":"bltf01cfddcefa2394d","version":1}]},"blt24cbc4cddede8472":{"stackHeaders":{"api_key":"blt370ea1a40af9fcec"},"urlPath":"/assets/blt24cbc4cddede8472","uid":"blt24cbc4cddede8472","content_type":"image/svg+xml","file_size":"1314","tags":[],"filename":"bucket2.svg","url":"https://images.contentstack.io/v3/assets/blt370ea1a40af9fcec/blt24cbc4cddede8472/63c666a10523e71fc782e3c1/bucket2.svg","ACL":{"roles":[],"others":{"read":false,"create":false,"update":false,"delete":false,"sub_acl":{"read":false,"create":false,"update":false,"delete":false,"publish":false}}},"is_dir":false,"parent_uid":"blt2aea47767268497f","_version":1,"title":"bucket2.svg","publish_details":[{"environment":"blt2145a53add75478a","locale":"en-us","time":"2023-01-17T09:13:05.567Z","user":"bltf01cfddcefa2394d","version":1},{"environment":"blt4d6ead373cb24e21","locale":"en-us","time":"2023-01-17T09:13:05.573Z","user":"bltf01cfddcefa2394d","version":1},{"environment":"blte95eab87cc25a373","locale":"en-us","time":"2023-01-17T09:13:05.578Z","user":"bltf01cfddcefa2394d","version":1}]},"bltf8bbd2e8f929ccc1":{"stackHeaders":{"api_key":"blt370ea1a40af9fcec"},"urlPath":"/assets/bltf8bbd2e8f929ccc1","uid":"bltf8bbd2e8f929ccc1","content_type":"image/svg+xml","file_size":"579","tags":[],"filename":"Icon_Artwork_1.svg","url":"https://images.contentstack.io/v3/assets/blt370ea1a40af9fcec/bltf8bbd2e8f929ccc1/63c666a2bf79bc6090013407/Icon_Artwork_1.svg","ACL":{"roles":[],"others":{"read":false,"create":false,"update":false,"delete":false,"sub_acl":{"read":false,"create":false,"update":false,"delete":false,"publish":false}}},"is_dir":false,"parent_uid":"blt01068df248b9d541","_version":1,"title":"Icon_Artwork_1.svg","publish_details":[{"environment":"blt2145a53add75478a","locale":"en-us","time":"2023-01-17T09:13:06.520Z","user":"bltf01cfddcefa2394d","version":1},{"environment":"blt4d6ead373cb24e21","locale":"en-us","time":"2023-01-17T09:13:06.524Z","user":"bltf01cfddcefa2394d","version":1},{"environment":"blte95eab87cc25a373","locale":"en-us","time":"2023-01-17T09:13:06.527Z","user":"bltf01cfddcefa2394d","version":1}]},"bltebfb5427be1ed5a7":{"stackHeaders":{"api_key":"blt370ea1a40af9fcec"},"urlPath":"/assets/bltebfb5427be1ed5a7","uid":"bltebfb5427be1ed5a7","content_type":"image/svg+xml","file_size":"706","tags":[],"filename":"bucket1.svg","url":"https://images.contentstack.io/v3/assets/blt370ea1a40af9fcec/bltebfb5427be1ed5a7/63c666a10209b038fd05570c/bucket1.svg","ACL":{"roles":[],"others":{"read":false,"create":false,"update":false,"delete":false,"sub_acl":{"read":false,"create":false,"update":false,"delete":false,"publish":false}}},"is_dir":false,"parent_uid":"blt2aea47767268497f","_version":1,"title":"bucket1.svg","publish_details":[{"environment":"blt2145a53add75478a","locale":"en-us","time":"2023-01-17T09:13:06.130Z","user":"bltf01cfddcefa2394d","version":1},{"environment":"blt4d6ead373cb24e21","locale":"en-us","time":"2023-01-17T09:13:06.137Z","user":"bltf01cfddcefa2394d","version":1},{"environment":"blte95eab87cc25a373","locale":"en-us","time":"2023-01-17T09:13:06.143Z","user":"bltf01cfddcefa2394d","version":1}]},"bltc93f02988ff55bfe":{"stackHeaders":{"api_key":"blt370ea1a40af9fcec"},"urlPath":"/assets/bltc93f02988ff55bfe","uid":"bltc93f02988ff55bfe","content_type":"image/svg+xml","file_size":"2584878","tags":[],"filename":"map-of-brimingham-city.svg","url":"https://images.contentstack.io/v3/assets/blt370ea1a40af9fcec/bltc93f02988ff55bfe/63c666a04cfe9364aa796606/map-of-brimingham-city.svg","ACL":{"roles":[],"others":{"read":false,"create":false,"update":false,"delete":false,"sub_acl":{"read":false,"create":false,"update":false,"delete":false,"publish":false}}},"is_dir":false,"parent_uid":"bltd81dc3d0d3ec5f61","_version":1,"title":"Map Of Birmingham City","description":"","publish_details":[{"environment":"blt2145a53add75478a","locale":"en-us","time":"2023-01-17T09:13:04.997Z","user":"bltf01cfddcefa2394d","version":1},{"environment":"blt4d6ead373cb24e21","locale":"en-us","time":"2023-01-17T09:13:05.001Z","user":"bltf01cfddcefa2394d","version":1},{"environment":"blte95eab87cc25a373","locale":"en-us","time":"2023-01-17T09:13:05.005Z","user":"bltf01cfddcefa2394d","version":1}]},"blt64727a69ab864b71":{"stackHeaders":{"api_key":"blt370ea1a40af9fcec"},"urlPath":"/assets/blt64727a69ab864b71","uid":"blt64727a69ab864b71","content_type":"image/jpeg","file_size":"2850","tags":[],"filename":"ben.jpeg","url":"https://images.contentstack.io/v3/assets/blt370ea1a40af9fcec/blt64727a69ab864b71/63c666a280d6320bfd0ba043/ben.jpeg","ACL":{"roles":[],"others":{"read":false,"create":false,"update":false,"delete":false,"sub_acl":{"read":false,"create":false,"update":false,"delete":false,"publish":false}}},"is_dir":false,"parent_uid":"blt59b91c72e8ac8849","_version":1,"title":"ben.jpeg","publish_details":[{"environment":"blt2145a53add75478a","locale":"en-us","time":"2023-01-17T09:13:06.702Z","user":"bltf01cfddcefa2394d","version":1},{"environment":"blt4d6ead373cb24e21","locale":"en-us","time":"2023-01-17T09:13:06.705Z","user":"bltf01cfddcefa2394d","version":1},{"environment":"blte95eab87cc25a373","locale":"en-us","time":"2023-01-17T09:13:06.708Z","user":"bltf01cfddcefa2394d","version":1}]},"blt7a243919c7b8678b":{"stackHeaders":{"api_key":"blt370ea1a40af9fcec"},"urlPath":"/assets/blt7a243919c7b8678b","uid":"blt7a243919c7b8678b","content_type":"image/svg+xml","file_size":"706","tags":[],"filename":"artificial-intelligence.svg","url":"https://images.contentstack.io/v3/assets/blt370ea1a40af9fcec/blt7a243919c7b8678b/63c666a29fde0642e5b98cb9/artificial-intelligence.svg","ACL":{"roles":[],"others":{"read":false,"create":false,"update":false,"delete":false,"sub_acl":{"read":false,"create":false,"update":false,"delete":false,"publish":false}}},"is_dir":false,"parent_uid":"blt6636ba847a018128","_version":1,"title":"Artificial Intelligence.svg","description":"","publish_details":[{"environment":"blt2145a53add75478a","locale":"en-us","time":"2023-01-17T09:13:07.262Z","user":"bltf01cfddcefa2394d","version":1},{"environment":"blt4d6ead373cb24e21","locale":"en-us","time":"2023-01-17T09:13:07.266Z","user":"bltf01cfddcefa2394d","version":1},{"environment":"blte95eab87cc25a373","locale":"en-us","time":"2023-01-17T09:13:07.270Z","user":"bltf01cfddcefa2394d","version":1}]},"blt98bea76b3f8f4f1c":{"stackHeaders":{"api_key":"blt370ea1a40af9fcec"},"urlPath":"/assets/blt98bea76b3f8f4f1c","uid":"blt98bea76b3f8f4f1c","content_type":"image/svg+xml","file_size":"1849","tags":[],"filename":"Icon_Artwork_2.svg","url":"https://images.contentstack.io/v3/assets/blt370ea1a40af9fcec/blt98bea76b3f8f4f1c/63c666a20754b45d8b0febbe/Icon_Artwork_2.svg","ACL":{"roles":[],"others":{"read":false,"create":false,"update":false,"delete":false,"sub_acl":{"read":false,"create":false,"update":false,"delete":false,"publish":false}}},"is_dir":false,"parent_uid":"blt01068df248b9d541","_version":1,"title":"Icon_Artwork_2.svg","publish_details":[{"environment":"blt2145a53add75478a","locale":"en-us","time":"2023-01-17T09:13:06.996Z","user":"bltf01cfddcefa2394d","version":1},{"environment":"blt4d6ead373cb24e21","locale":"en-us","time":"2023-01-17T09:13:07.002Z","user":"bltf01cfddcefa2394d","version":1},{"environment":"blte95eab87cc25a373","locale":"en-us","time":"2023-01-17T09:13:07.008Z","user":"bltf01cfddcefa2394d","version":1}]},"bltc9644b90bda3f900":{"stackHeaders":{"api_key":"blt370ea1a40af9fcec"},"urlPath":"/assets/bltc9644b90bda3f900","uid":"bltc9644b90bda3f900","content_type":"image/svg+xml","file_size":"1053","tags":[],"filename":"bucket3.svg","url":"https://images.contentstack.io/v3/assets/blt370ea1a40af9fcec/bltc9644b90bda3f900/63c666a33d25573a35aefc9b/bucket3.svg","ACL":{"roles":[],"others":{"read":false,"create":false,"update":false,"delete":false,"sub_acl":{"read":false,"create":false,"update":false,"delete":false,"publish":false}}},"is_dir":false,"parent_uid":"blt2aea47767268497f","_version":1,"title":"bucket3.svg","publish_details":[{"environment":"blt2145a53add75478a","locale":"en-us","time":"2023-01-17T09:13:07.572Z","user":"bltf01cfddcefa2394d","version":1},{"environment":"blt4d6ead373cb24e21","locale":"en-us","time":"2023-01-17T09:13:07.576Z","user":"bltf01cfddcefa2394d","version":1},{"environment":"blte95eab87cc25a373","locale":"en-us","time":"2023-01-17T09:13:07.578Z","user":"bltf01cfddcefa2394d","version":1}]},"blt4ec51c4160670a01":{"stackHeaders":{"api_key":"blt370ea1a40af9fcec"},"urlPath":"/assets/blt4ec51c4160670a01","uid":"blt4ec51c4160670a01","content_type":"image/svg+xml","file_size":"53205","tags":[],"filename":"headless-cms-solution.svg","url":"https://images.contentstack.io/v3/assets/blt370ea1a40af9fcec/blt4ec51c4160670a01/63c666a37431781a216aeb99/headless-cms-solution.svg","ACL":{"roles":[],"others":{"read":false,"create":false,"update":false,"delete":false,"sub_acl":{"read":false,"create":false,"update":false,"delete":false,"publish":false}}},"is_dir":false,"parent_uid":"blt9b1d7d3d30bf7940","_version":1,"title":"Headless CMS Solution","description":"","publish_details":[{"environment":"blt2145a53add75478a","locale":"en-us","time":"2023-01-17T09:13:07.830Z","user":"bltf01cfddcefa2394d","version":1},{"environment":"blt4d6ead373cb24e21","locale":"en-us","time":"2023-01-17T09:13:07.836Z","user":"bltf01cfddcefa2394d","version":1},{"environment":"blte95eab87cc25a373","locale":"en-us","time":"2023-01-17T09:13:07.841Z","user":"bltf01cfddcefa2394d","version":1}]}}