[{"stackHeaders":{"api_key":"blt370ea1a40af9fcec"},"urlPath":"/assets/blt064e11e1a2621f7d","uid":"blt064e11e1a2621f7d","created_at":"2023-01-17T09:13:03.891Z","updated_at":"2023-01-17T09:13:03.891Z","created_by":"bltf01cfddcefa2394d","updated_by":"bltf01cfddcefa2394d","content_type":"application/vnd.contenstack.folder","tags":[],"name":"Logo","ACL":{"roles":[],"others":{"read":false,"create":false,"update":false,"delete":false,"sub_acl":{"read":false,"create":false,"update":false,"delete":false,"publish":false}}},"is_dir":true,"parent_uid":null,"_version":1},{"stackHeaders":{"api_key":"blt370ea1a40af9fcec"},"urlPath":"/assets/blt59b91c72e8ac8849","uid":"blt59b91c72e8ac8849","created_at":"2023-01-17T09:13:03.817Z","updated_at":"2023-01-17T09:13:03.817Z","created_by":"bltf01cfddcefa2394d","updated_by":"bltf01cfddcefa2394d","content_type":"application/vnd.contenstack.folder","tags":[],"name":"Authors","ACL":{"roles":[],"others":{"read":false,"create":false,"update":false,"delete":false,"sub_acl":{"read":false,"create":false,"update":false,"delete":false,"publish":false}}},"is_dir":true,"parent_uid":null,"_version":1},{"stackHeaders":{"api_key":"blt370ea1a40af9fcec"},"urlPath":"/assets/blt2aea47767268497f","uid":"blt2aea47767268497f","created_at":"2023-01-17T09:13:03.743Z","updated_at":"2023-01-17T09:13:03.743Z","created_by":"bltf01cfddcefa2394d","updated_by":"bltf01cfddcefa2394d","content_type":"application/vnd.contenstack.folder","tags":[],"name":"Icons","ACL":{"roles":[],"others":{"read":false,"create":false,"update":false,"delete":false,"sub_acl":{"read":false,"create":false,"update":false,"delete":false,"publish":false}}},"is_dir":true,"parent_uid":null,"_version":1},{"stackHeaders":{"api_key":"blt370ea1a40af9fcec"},"urlPath":"/assets/blt6636ba847a018128","uid":"blt6636ba847a018128","created_at":"2023-01-17T09:13:03.673Z","updated_at":"2023-01-17T09:13:03.673Z","created_by":"bltf01cfddcefa2394d","updated_by":"bltf01cfddcefa2394d","content_type":"application/vnd.contenstack.folder","tags":[],"name":"Homepage","ACL":{"roles":[],"others":{"read":false,"create":false,"update":false,"delete":false,"sub_acl":{"read":false,"create":false,"update":false,"delete":false,"publish":false}}},"is_dir":true,"parent_uid":null,"_version":1},{"stackHeaders":{"api_key":"blt370ea1a40af9fcec"},"urlPath":"/assets/blt01068df248b9d541","uid":"blt01068df248b9d541","created_at":"2023-01-17T09:13:03.594Z","updated_at":"2023-01-17T09:13:03.594Z","created_by":"bltf01cfddcefa2394d","updated_by":"bltf01cfddcefa2394d","content_type":"application/vnd.contenstack.folder","tags":[],"name":"About Us","ACL":{"roles":[],"others":{"read":false,"create":false,"update":false,"delete":false,"sub_acl":{"read":false,"create":false,"update":false,"delete":false,"publish":false}}},"is_dir":true,"parent_uid":null,"_version":1},{"stackHeaders":{"api_key":"blt370ea1a40af9fcec"},"urlPath":"/assets/blt9b1d7d3d30bf7940","uid":"blt9b1d7d3d30bf7940","created_at":"2023-01-17T09:13:03.522Z","updated_at":"2023-01-17T09:13:03.522Z","created_by":"bltf01cfddcefa2394d","updated_by":"bltf01cfddcefa2394d","content_type":"application/vnd.contenstack.folder","tags":[],"name":"Blogs","ACL":{"roles":[],"others":{"read":false,"create":false,"update":false,"delete":false,"sub_acl":{"read":false,"create":false,"update":false,"delete":false,"publish":false}}},"is_dir":true,"parent_uid":null,"_version":1},{"stackHeaders":{"api_key":"blt370ea1a40af9fcec"},"urlPath":"/assets/bltd81dc3d0d3ec5f61","uid":"bltd81dc3d0d3ec5f61","created_at":"2023-01-17T09:13:03.445Z","updated_at":"2023-01-17T09:13:03.445Z","created_by":"bltf01cfddcefa2394d","updated_by":"bltf01cfddcefa2394d","content_type":"application/vnd.contenstack.folder","tags":[],"name":"Contact","ACL":{"roles":[],"others":{"read":false,"create":false,"update":false,"delete":false,"sub_acl":{"read":false,"create":false,"update":false,"delete":false,"publish":false}}},"is_dir":true,"parent_uid":null,"_version":1}]