{"blt9dbd8ce9c19a02bf":{"title":"Company Name","tags":[],"locale":"en-us","ACL":{},"logo":{"uid":"bltf5098034158b3e8d","created_at":"2023-01-17T09:13:10.352Z","updated_at":"2023-01-17T09:13:10.352Z","created_by":"bltf01cfddcefa2394d","updated_by":"bltf01cfddcefa2394d","content_type":"image/svg+xml","file_size":"11085","tags":[],"filename":"company-logo.svg","url":"https://images.contentstack.io/v3/assets/blt370ea1a40af9fcec/bltf5098034158b3e8d/63c666a6ba3c0a11eaa6321b/company-logo.svg","ACL":[],"is_dir":false,"parent_uid":"blt064e11e1a2621f7d","_version":1,"title":"Company Logo","description":"","publish_details":[{"environment":"blt2145a53add75478a","locale":"en-us","time":"2023-01-17T09:13:10.745Z","user":"bltf01cfddcefa2394d","version":1},{"environment":"blt4d6ead373cb24e21","locale":"en-us","time":"2023-01-17T09:13:10.749Z","user":"bltf01cfddcefa2394d","version":1},{"environment":"blte95eab87cc25a373","locale":"en-us","time":"2023-01-17T09:13:10.753Z","user":"bltf01cfddcefa2394d","version":1}]},"navigation":{"link":[{"title":"Home","href":"/"},{"title":"About Us","href":"/about-us"},{"title":"Blog","href":"/blog"},{"title":"Contact Us","href":"/contact-us"}]},"social":{"social_share":[{"link":{"title":"Facebook","href":"https://facebook.com"},"_metadata":{"uid":"cs6206d4d2e5c6e446"},"icon":{"uid":"bltca950070eedc0013","created_at":"2023-01-17T09:13:04.966Z","updated_at":"2023-01-17T09:13:04.966Z","created_by":"bltf01cfddcefa2394d","updated_by":"bltf01cfddcefa2394d","content_type":"image/svg+xml","file_size":"1288","tags":[],"filename":"facebook.svg","url":"https://images.contentstack.io/v3/assets/blt370ea1a40af9fcec/bltca950070eedc0013/63c666a006eff70d38085220/facebook.svg","ACL":[],"is_dir":false,"parent_uid":"blt2aea47767268497f","_version":1,"title":"facebook.svg","publish_details":[{"environment":"blt2145a53add75478a","locale":"en-us","time":"2023-01-17T09:13:05.283Z","user":"bltf01cfddcefa2394d","version":1},{"environment":"blt4d6ead373cb24e21","locale":"en-us","time":"2023-01-17T09:13:05.287Z","user":"bltf01cfddcefa2394d","version":1},{"environment":"blte95eab87cc25a373","locale":"en-us","time":"2023-01-17T09:13:05.290Z","user":"bltf01cfddcefa2394d","version":1}]}},{"link":{"title":"Twitter","href":"https://twitter.com"},"_metadata":{"uid":"cs28b676d1ccecfb5c"},"icon":{"uid":"blt311fa9a53b7113c1","created_at":"2023-01-17T09:13:07.993Z","updated_at":"2023-01-17T09:13:07.993Z","created_by":"bltf01cfddcefa2394d","updated_by":"bltf01cfddcefa2394d","content_type":"image/svg+xml","file_size":"1436","tags":[],"filename":"Twitter.svg","url":"https://images.contentstack.io/v3/assets/blt370ea1a40af9fcec/blt311fa9a53b7113c1/63c666a37e5a9e4434e37fe2/Twitter.svg","ACL":[],"is_dir":false,"parent_uid":"blt2aea47767268497f","_version":1,"title":"Twitter.svg","publish_details":[{"environment":"blt2145a53add75478a","locale":"en-us","time":"2023-01-17T09:13:08.315Z","user":"bltf01cfddcefa2394d","version":1},{"environment":"blt4d6ead373cb24e21","locale":"en-us","time":"2023-01-17T09:13:08.318Z","user":"bltf01cfddcefa2394d","version":1},{"environment":"blte95eab87cc25a373","locale":"en-us","time":"2023-01-17T09:13:08.321Z","user":"bltf01cfddcefa2394d","version":1}]}},{"link":{"title":"Instagram","href":"https://www.instagram.com/"},"_metadata":{"uid":"cs4f62c4f0ea7a5d87"},"icon":{"uid":"bltb9edd6f83ce2235b","created_at":"2023-01-17T09:13:05.541Z","updated_at":"2023-01-17T09:13:05.541Z","created_by":"bltf01cfddcefa2394d","updated_by":"bltf01cfddcefa2394d","content_type":"image/svg+xml","file_size":"806","tags":[],"filename":"Instagram.svg","url":"https://images.contentstack.io/v3/assets/blt370ea1a40af9fcec/bltb9edd6f83ce2235b/63c666a1011a3c4839355258/Instagram.svg","ACL":[],"is_dir":false,"parent_uid":"blt2aea47767268497f","_version":1,"title":"Instagram.svg","description":"","publish_details":[{"environment":"blt2145a53add75478a","locale":"en-us","time":"2023-01-17T09:13:05.907Z","user":"bltf01cfddcefa2394d","version":1},{"environment":"blt4d6ead373cb24e21","locale":"en-us","time":"2023-01-17T09:13:05.910Z","user":"bltf01cfddcefa2394d","version":1},{"environment":"blte95eab87cc25a373","locale":"en-us","time":"2023-01-17T09:13:05.913Z","user":"bltf01cfddcefa2394d","version":1}]}}]},"copyright":{"uid":"2a4ca7122a66f75b34869c06a49c2b63","attrs":{},"children":[{"type":"p","attrs":{},"uid":"54ce096e542b7a89353ca4ab1bdd373e","children":[{"text":"Copyright © 2022. LogoIpsum. All rights reserved."}]}],"type":"doc","_version":1},"uid":"blt9dbd8ce9c19a02bf","_version":1,"_in_progress":false,"publish_details":[{"environment":"blt2145a53add75478a","locale":"en-us","time":"2023-01-17T09:13:27.962Z","user":"bltf01cfddcefa2394d","version":1},{"environment":"blt4d6ead373cb24e21","locale":"en-us","time":"2023-01-17T09:13:27.965Z","user":"bltf01cfddcefa2394d","version":1},{"environment":"blte95eab87cc25a373","locale":"en-us","time":"2023-01-17T09:13:27.998Z","user":"bltf01cfddcefa2394d","version":1}]}}