{"blt81aa57642529e3be":{"stackHeaders":{"api_key":"blt370ea1a40af9fcec"},"urlPath":"/extensions/blt81aa57642529e3be","created_at":"2023-01-17T09:13:13.779Z","updated_at":"2023-01-17T09:13:13.779Z","created_by":"bltf01cfddcefa2394d","updated_by":"bltf01cfddcefa2394d","tags":[],"ACL":[],"_version":1,"title":"Color Picker","config":{},"type":"field","data_type":"text","multiple":false,"srcdoc":"<html>\n<head>\n   <meta name=\"viewport\" content=\"width=device-width, initial-scale=1.0\"/>\n   <link href=\"https://www.contentstack.com/sdks/contentstack-ui-extensions/dist/latest/ui-extension-sdk.css\" rel=\"stylesheet\" type=\"text/css\" media=\"all\">\n   <script src=\"https://www.contentstack.com/sdks/contentstack-ui-extensions/dist/latest/ui-extension-sdk.js\"></script>\n</head>\n<body>\n    <input type=\"color\" id=\"html5colorpicker\" onchange=\"colorChange()\" onclick=\"setFocus()\">\n    <script>\n        // initialise Field Extension\n        window.extensionField = {};\n        \n        // find color input element\n        var colorPickerElement = document.getElementById(\"html5colorpicker\");\n        \n        ContentstackUIExtension.init().then(function(extension) {\n            // make extension object globally available\n            extensionField = extension;\n            \n            // update the field height \n            extensionField.window.updateHeight();\n            \n            // Set default color in Contentstack\n            var defaultColor = \"#000000\";\n            if(!extensionField.field.getData().length){\n                extensionField.field.setData(defaultColor);\n            }\n            \n            // Get current color field value from Contentstack and update the color picker input element\n            colorPickerElement.value = extensionField.field.getData() || defaultColor;\n         \n        })\n        \n        // On color change event, pass new value to Contentstack\n        function colorChange(){\n            extensionField.field.setFocus();\n            extensionField.field.setData(colorPickerElement.value);\n        }\n        \n        function setFocus(){\n             extensionField.field.setFocus();\n        }\n    </script>\n</body>\n</html>"},"blt2bb3f9a2403e18c9":{"stackHeaders":{"api_key":"blt370ea1a40af9fcec"},"urlPath":"/extensions/blt2bb3f9a2403e18c9","created_at":"2023-01-17T09:13:14.332Z","updated_at":"2023-01-17T09:13:14.332Z","created_by":"bltf01cfddcefa2394d","updated_by":"bltf01cfddcefa2394d","tags":[],"ACL":[],"_version":1,"title":"JSON Editor","config":{},"type":"field","data_type":"json","multiple":false,"srcdoc":"<!doctype html>\n<html lang=\"en\">\n  <head>\n    <meta charset=\"UTF-8\"/>\n    <title>Ace Editor Extension</title>\n    <style>\n      body { margin: 0; }\n    </style>\n    <!--\n    Load the Extensions API that is used to communicate with the containing app.\n    -->\n    <script src=\"https://www.contentstack.com/sdks/contentstack-ui-extensions/dist/latest/ui-extension-sdk.js\"></script>\n    <!--\n    We use lodash.throttle to avoid spamming the API with changes\n    -->\n    <script src=\"https://cdn.jsdelivr.net/npm/lodash@4.17.4/lodash.min.js\"></script>\n    \n    <!-- load a custom version of Ace editor -->\n    <script src=\"https://cdnjs.cloudflare.com/ajax/libs/ace/1.2.6/ace.js\"></script>\n   \n    <link href=\"https://assets.contentstack.io/v3/assets/blt30b41f7b9a5d7467/bltb6bb4f7db098181f/5b39e605fda2af4e7866b92c/jsoneditor.min.css\" rel=\"stylesheet\" type=\"text/css\">\n    <script src=\"https://assets.contentstack.io/v3/assets/blt30b41f7b9a5d7467/blte7fe106cc93cf2bf/5b33888fcfc846f95726af6f/jsoneditor.min.js\"></script>\n   \n  </head>\n  <body  onclick=\"setFocus()\">\n    <div id=\"jsoneditor\"></div>\n    \n    <script>\n        // initialise Field Extension\n        window.extensionField = {};\n        \n        // find jsoneditor element\n        var jsoneditorElement = document.getElementById(\"jsoneditor\");\n        \n        // initialise variable for json editor plugin\n        var jsonEditor = {};\n    \n        \n        ContentstackUIExtension.init().then(function(extension) {\n            \n            // make extension object globally available\n            extensionField = extension;\n            \n            \n            // update the field height \n            extensionField.window.updateHeight(220);\n            \n            // Get current Json editor field value from Contentstack and update the element\n            var value = extensionField.field.getData() || {};\n            \n            \n            // Configure Json editor\n            var options = {\n                modes: ['text', 'code', 'tree', 'form', 'view'],\n                mode: 'code',\n                ace: ace,\n                onChange : function(){\n                    updateFieldValue();\n                }\n            };\n            \n            jsonEditor = new JSONEditor(jsoneditorElement, options);\n            jsonEditor.set(value);\n            \n            \n            \n      \n            \n        })\n        \n        function setFocus(){\n            extensionField.field.setFocus();\n        }\n        \n        function updateFieldValue () {\n          var value = jsonEditor.get();\n          extensionField.field.setData(value).then(function(){\n            \t\tconsole.log('data set on child')\n            \t}).catch(function(error){\n            \t\tconsole.log('error in setting data',error)\n            \t})\n        }\n    </script>\n  </body>\n</html>"},"blt6dcb848cf3e42f4b":{"stackHeaders":{"api_key":"blt370ea1a40af9fcec"},"urlPath":"/extensions/blt6dcb848cf3e42f4b","created_at":"2023-01-17T09:13:14.865Z","updated_at":"2023-01-17T09:13:14.865Z","created_by":"bltf01cfddcefa2394d","updated_by":"bltf01cfddcefa2394d","tags":[],"ACL":[],"_version":1,"title":"Ace Editor","config":{},"type":"field","data_type":"text","multiple":false,"srcdoc":"<!doctype html>\n<html lang=\"en\">\n  <head>\n    <meta charset=\"UTF-8\"/>\n    <title>Ace Editor Extension</title>\n    <style>\n      body { margin: 0; }\n      #editor {\n        min-height: 300px;\n      }\n    </style>\n    <!--\n    Load the Extensions API that is used to communicate with the containing app.\n    -->\n    <script src=\"https://www.contentstack.com/sdks/contentstack-ui-extensions/dist/latest/ui-extension-sdk.js\"></script>\n    <!--\n    We use lodash.throttle to avoid spamming the API with changes\n    -->\n    <script src=\"https://cdn.jsdelivr.net/npm/lodash@4.17.4/lodash.min.js\"></script>\n    <!--\n    Include ace editor core script.\n    -->\n    <script src=\"https://cdn.jsdelivr.net/npm/ace-builds@1.2.9/src-min-noconflict/ace.js\"></script>\n    <!--\n    Add editor theme and syntax highlighting mode scripts.\n    Find more here: https://www.jsdelivr.com/package/npm/ace-builds?path=src-min\n    -->\n    <script src=\"https://cdn.jsdelivr.net/npm/ace-builds@1.2.9/src-min-noconflict/mode-handlebars.js\"></script>\n    <script src=\"https://cdn.jsdelivr.net/npm/ace-builds@1.2.9/src-min-noconflict/theme-monokai.js\"></script>\n  </head>\n  <body>\n    <pre id=\"editor\"></pre>\n    <script>\n        // initialise Field Extension\n        window.extensionField = {};\n        \n        // find editor element\n        var editorElement = document.getElementById(\"editor\");\n        \n        // initialise variable for ace editor plugin\n        var editor = {};\n    \n        \n        ContentstackUIExtension.init().then(function(extension) {\n            \n            // make extension object globally available\n            extensionField = extension;\n            \n            \n            // update the field height \n            extensionField.window.updateHeight();\n            \n            // Get current ace editor field value from Contentstack and update the element\n            var value = extensionField.field.getData() || '';\n            // Configure Ace editor\n            editor = ace.edit('editor')\n            editor.setTheme('ace/theme/monokai')\n            editor.session.setMode('ace/mode/handlebars')\n            \n            if(value)\n                editor.setValue(value)\n            //\n            editor.on('focus', function(event, editor) {\n                 extensionField.field.setFocus();\n            });\n    \n            // Listen to change events and fire an update every 500ms\n            editor.on('change', _.throttle(updateFieldValue, 500, { leading: false }))\n        })\n        \n        \n        function updateFieldValue () {\n            var value = editor.getValue()\n            extensionField.field.setData(value).catch(function(error){\n                    console.log('error in setting data',error)\n            })\n        }\n    </script>\n  </body>\n</html>"},"bltdf6b088c053ebe76":{"stackHeaders":{"api_key":"blt370ea1a40af9fcec"},"urlPath":"/extensions/bltdf6b088c053ebe76","created_at":"2023-02-07T12:17:35.325Z","updated_at":"2023-02-07T12:17:35.325Z","created_by":"bltf01cfddcefa2394d","updated_by":"bltf01cfddcefa2394d","tags":[],"ACL":[],"_version":1,"title":"Key-value Field","config":{},"type":"field","data_type":"json","multiple":false,"srcdoc":"<!doctype html>\n<html ng-app=\"keyValuePair\">\n\n<head>\n    <meta name=\"viewport\" content=\"width=device-width, initial-scale=1.0\" />\n    <script src=\"https://cdnjs.cloudflare.com/ajax/libs/angular.js/1.4.4/angular.min.js\"></script>\n    <script src=\"https://cdnjs.cloudflare.com/ajax/libs/angular-ui-tree/2.22.6/angular-ui-tree.min.js\"></script>\n    <link rel=\"stylesheet\" type=\"text/css\" href=\"https://cdnjs.cloudflare.com/ajax/libs/angular-ui-tree/2.22.6/angular-ui-tree.min.css\"/>\n    <script\n    src=\"https://unpkg.com/@contentstack/ui-extensions-sdk@2.2.1/dist/ui-extension-sdk.js\"\n    integrity=\"sha512-Zvd/rx8MHdudDeY916W50kakd+G/7Z/L4VvG0A/NBWVtmAlD7FPHcWDHc5a4WpGSXoXDgy2SLLDVrASxM7IpNQ==\"\n    crossorigin=\"anonymous\"></script>\n    <link\n    rel=\"stylesheet\"\n    type=\"text/css\"\n    href=\"https://unpkg.com/@contentstack/ui-extensions-sdk/dist/ui-extension-sdk.css\"\n    integrity=\"sha512-YFrH8bTpkhIRTf8jgGmJDWvd56LA9GnRzirfMr/K78ldxsyrfedaMxMCZMC9A9d0LzuVFhkkHWo10HWEoAgjjg==\"\n    crossorigin=\"anonymous\"/>\n    <style>\n        .cs-text-box {\n            margin-bottom: 5px;\n            margin-left: 10px;\n        }\n\n        .sort-list {\n            display: inline-block;\n            width: 100%;\n            position: relative;\n        }\n\n        .sort-list:hover>.drag-icon {\n            visibility: visible;\n        }\n\n        .main-div {\n            width: 450px;\n        }\n        .ml-0 {\n           margin-left: 0;\n        }\n    </style>\n</head>\n\n<body>\n    <div ng-controller=\"keyValueCtrl\">\n        <div ui-tree=\"treeOptions\">\n            <div ui-tree-nodes ng-model=\"list.value\" class=\"main-div\">\n                <div ui-tree-node data-ng-repeat=\"x in list.value\" class=\"sort-list\">\n                    <input type=\"text\" class=\"cs-text-box\" ng-model=\"x.key\" ng-change=\"setValue()\" ng-focus=\"setFocus()\" placeholder=\"Key\" ng-value=\"x.key\"\n                    /> :\n                    <input type=\"text\" class=\"cs-text-box ml-0\" ng-model=\"x.value\" ng-change=\"setValue()\" ng-focus=\"setFocus()\" placeholder=\"Value\"\n                        ng-value=\"x.value\" />\n                    <i ng-click=\"removeKey($index);setFocus()\" class=\"minus-sign\" ng-show=\"list.value.length !== 1\"></i>\n                    <i ng-click=\"addMoreKey();setFocus()\" class=\"plus-sign\" ng-show=\"$last\"></i>\n                    <div class=\"drag-icon\" ng-show=\"list.value.length !== 1\" ui-tree-handle></div>\n                </div>\n            </div>\n        </div>\n\n    </div>\n    <script>\n        var app = angular.module(\"keyValuePair\", ['ui.tree']);\n        app.controller(\"keyValueCtrl\", function ($scope, $timeout) {\n\n            $scope.addMoreKey = function () {\n                $scope.list.value.push({ \"key\": \"\", \"value\": \"\" });\n                $scope.setValue();\n            };\n\n            $scope.removeKey = function (index) {\n                $scope.list.value.splice(index, 1);\n                $scope.setValue();\n            };\n\n            $scope.setFocus = function () {\n                extensionField.field.setFocus();\n            };\n\n            $scope.setValue = function () {\n                extensionField.field.setData($scope.list);\n\n            };\n\n            $scope.treeOptions = {\n                dragStop: function () {\n                    $timeout(function () {\n                        $scope.setValue();\n                    }, 10);\n                }\n            };\n\n\n\n            ContentstackUIExtension.init().then(function (extension) {\n                extensionField = extension;\n                $scope.$apply(function () {\n                    $scope.list = (extension && extension.field && extension.field.getData()) ? extension.field.getData() : {};\n                    if (angular.equals($scope.list, {})) {\n                        $scope.list = {\n                            \"value\": [{ \"key\": \"\", \"value\": \"\" }]\n                        }\n                    }\n                })\n\n                extensionField.window.updateHeight();\n                extensionField.window.enableAutoResizing();\n            })\n        });\n\n    </script>\n</body>\n\n</html>"}}