{"blt2145a53add75478a":{"stackHeaders":{"api_key":"blt370ea1a40af9fcec"},"urlPath":"/environments/preview","urls":[{"url":"","locale":"en-us"}],"name":"preview","_version":1,"created_by":"bltf01cfddcefa2394d","updated_by":"bltf01cfddcefa2394d","created_at":"2023-01-17T09:13:03.295Z","updated_at":"2023-01-17T09:13:03.295Z"},"blt4d6ead373cb24e21":{"stackHeaders":{"api_key":"blt370ea1a40af9fcec"},"urlPath":"/environments/development","urls":[{"url":"http://localhost:3000","locale":"en-us"}],"name":"development","_version":2,"created_by":"bltf01cfddcefa2394d","updated_by":"bltf01cfddcefa2394d","created_at":"2023-01-17T09:13:03.364Z","updated_at":"2023-01-17T09:13:03.364Z"},"blte95eab87cc25a373":{"stackHeaders":{"api_key":"blt370ea1a40af9fcec"},"urlPath":"/environments/production","urls":[{"url":"https://react-starter-lp-mktplc.vercel.app/","locale":"en-us"}],"name":"production","_version":3,"created_by":"bltf01cfddcefa2394d","updated_by":"bltf01cfddcefa2394d","created_at":"2023-01-17T09:13:03.297Z","updated_at":"2023-01-17T09:16:04.266Z"}}